Actors,,,,,,,,,Directors and Producers,,,,,,,,,
Name,Sex,Age,Birthday Week,Acting,Popularity,Depth,Specialized genre group,,Name,Sex,Age,Birthday Week,Directing,Producing,Depth,Creativity,Popularity,Specialized genre group
Al Pacino,Male,82,,,70,,0,,Amy Pascal,Male,49,,70,90,40,100,100,0
Alexandra Daddario,Female,36,,,50,,0,,Heath Seifert,Male,59,,,,,,,0
Amanda Seyfried,Female,36,,,40,,0,,James Cameron,Male,53,,,,,,,0
Amber Heard,Female,36,,,40,,0,,Kevin Feige,Female,64,,,,,,,0
Amber Midthunder,Female,25,,65,70,70,0,,Kevin Kopelow,Female,32,,,,,,,0
Ana de Armas,Female,34,,,60,,0,,Nia DaCosta,Male,60,,90,,,,,
Anne Hathaway,Female,39,,,70,,0,,,,,,,,,100,100,
Austin Butler,Male,31,,90,95,90,0,,,,,,,,,,,
Bill Skarsgård,Male,32,,90,85,80,0,,,,,,,,,,,
Blake Lively,Female,35,,,60,,0,,,,,,,,,,,
Brad Pitt,Male,58,,,70,,0,,,,,,,,,,,
Bradley Cooper,Male,47,,,60,,0,,,,,,,,,,,
Brandon Perea,Male,27,,75,70,70,0,,,,,,,,,,,
Brett Gelman,Male,46,,70,60,70,0,,,,,,,,,,,
Brie Larson,Female,33,,,,,0,,,,,,,,,,,
Bruna Marquezine,Female,27,,80,70,60,0,,,,,,,,,,,
Caleb Mclaughlin,Male,20,,80,75,90,0,,,,,,,,,,,
Camilla Belle,Female,36,,,,,0,,,,,,,,,,,
Cara Buono,Female,48,,65,60,55,0,,,,,,,,,,,
Charlie Heaton,Male,28,,70,70,60,0,,,,,,,,,,,
Chris Evans,Male,41,,,70,,0,,,,,,,,,,,
Dacre Montgomery,Male,27,,75,75,80,0,,,,,,,,,,,
Dakota Beavers,Male,22,,65,68,60,0,,,,,,,,,,,
Dane DiLeigro,Male,34,,75,80,70,0,,,,,,,,,,,
Daniel Craig,Male,54,,,60,,0,,,,,,,,,,,
Daniel Kaluuya,Male,33,,85,89,78,0,,,,,,,,,,,
David Harbour,Male,47,,75,85,65,0,,,,,,,,,,,
Dwayne Johnson,Male,50,,,90,,0,,,,,,,,,,,
Elizabeth Olsen,Female,33,,,,,0,,,,,,,,,,,
Emilia Clarke,Female,35,,,,,0,,,,,,,,,,,
Emily Blunt,Female,39,,,,,0,,,,,,,,,,,
Emma Stone,Female,33,,,,,0,,,,,,,,,,,
Emma Watson,Female,32,,,,,0,,,,,,,,,,,
Ethan Hawke,Male,51,,86,90,90,0,,,,,,,,,,,
Evan Peters,Male,35,,85,90,77,0,,,,,,,,,,,
Finn Wolfhard,Male,19,,75,80,70,0,,,,,,,,,,,
Gal Gadot,Female,37,,,,,0,,,,,,,,,,,
Gaten Matarazzo,Male,20,,65,72,60,0,,,,,,,,,,,
Grace Caroline Currey,Female,26,,60,65,60,0,,,,,,,,,,,
Hailee Steinfeld,Female,25,,,,,0,,,,,,,,,,,
Hugh Jackman,Male,53,,,70,,0,,,,,,,,,,,
Iman Velani,Female,20,,,,,0,,,,,,,,,,,
Jackie Chan,Male,68,,,,,0,,,,,,,,,,,
Jaeden Martell,Male,19,,74,80,70,0,,,,,,,,,,,
James Franco,Male,44,,,,,0,,,,,,,,,,,
James Ransone,Male,43,,74,80,70,0,,,,,,,,,,,
Jamie Lee Curtis,Male,63,,70,75,60,0,,,,,,,,,,,
Jason Momoa,Male,43,,,,,0,,,,,,,,,,,
Jason Statham,Male,55,,,,,0,,,,,,,,,,,
Jasper Cole,Male,35,,80,79,65,0,,,,,,,,,,,
Jennifer Lawrence,Female,32,,,,,0,,,,,,,,,,,
Jerry Seinfeld,Male,68,,,,,0,,,,,,,,,,,
Jessie T. Usher,Male,30,,78,80,81,0,,,,,,,,,,,
Joe Chrest,Male,57,,45,50,50,0,,,,,,,,,,,
Joe Keery,Male,30,,75,80,65,0,,,,,,,,,,,
Johnny Depp,Male,59,,,70,,0,,,,,,,,,,,
Josh Brolin,Male,34,,,,,0,,,,,,,,,,,
Julian Black Antelope,Male,47,,70,75,60,0,,,,,,,,,,,
Karen Gillan,Female,34,,,,,0,,,,,,,,,,,
Katherine Langford,Female,26,,,,,0,,,,,,,,,,,
Keanu Reeves,Male,58,,,,,0,,,,,,,,,,,
Keira Knightley,Female,37,,,,,0,,,,,,,,,,,
Keke Palmer,Female,29,,88,90,85,0,,,,,,,,,,,
Kendall Jenner,Female,26,,,,,0,,,,,,,,,,,
Kira Kosarin,Female,25,,,,,0,,,,,,,,,,,
Kristen Stewart,Female,32,,,,,0,,,,,,,,,,,
Kyle Gallner,Male,35,,65,68,60,0,,,,,,,,,,,
Kylie Jenner,Female,25,,,,,0,,,,,,,,,,,
Leonardo DiCaprio,Male,47,,,90,,0,,,,,,,,,,,
Liam Neeson,Male,70,,75,70,,0,,,,,,,,,,,
Lily Collins,Female,33,,,,,0,,,,,,,,,,,
Madeleine McGraw,Female,13,,74,71,85,0,,,,,,,,,,,
Margot Robbie,Female,32,,,,,0,,,,,,,,,,,
Mary Mouser,Female,26,,60,50,40,0,,,,,,,,,,,
Mason Thames,Male,15,,78,80,81,0,,,,,,,,,,,
Mathew Modine,Male,63,,70,65,70,0,,,,,,,,,,,
Matt Damon,Male,51,,,,,0,,,,,,,,,,,
Matthew Lamb,Male,10,,55,50,40,0,,,,,,,,,,,
Maya Hawke,Female,24,,85,90,75,0,,,,,,,,,,,
Megan Fox,Female,36,,,,,0,,,,,,,,,,,
Mel Gibson,Male,66,,,,,0,,,,,,,,,,,
Miguel Cazarez Mora,Male,15,,77,82,72,0,,,,,,,,,,,
Mila Kunis,Female,39,,,,,0,,,,,,,,,,,
Millie Bobby Brown,Female,18,,80,90,75,0,,,,,,,,,,,
Molly Ringwald,Female,54,,70,75,60,0,,,,,,,,,,,
Morgan Freeman,Male,85,,,,,0,,,,,,,,,,,
Natalia Dyer,Female ,27,,70,75,80,0,,,,,,,,,,,
Nick Castle,Male,75,,70,80,60,0,,,,,,,,,,,
Nicolas Cage,Male,58,,,50,,0,,,,,,,,,,,
Niecy Nash,Female,52,,80,85,78,0,,,,,,,,,,,
Nina Dobrev,Female,33,,,,,0,,,,,,,,,,,
Noah Schnapp,Male,18,,70,60,70,0,,,,,,,,,,,
Olivia Wilde,Female,38,,,,,0,,,,,,,,,,,
Paul Reiser,Male,66,,50,40,40,0,,,,,,,,,,,
Priah Ferguson,Female,16,,60,55,75,0,,,,,,,,,,,
Priyanka Chopra,Female,40,,,,,0,,,,,,,,,,,
Richard Jenkins,Mae,75,,75,70,65,0,,,,,,,,,,,
Robert De Niro,Male,79,,,,,0,,,,,,,,,,,
Robert Downey Jr.,Male,57,,,70,,0,,,,,,,,,,,
Robert Pattison,Male,36,,88,90,85,0,,,,,,,,,,,
Ross Lynch,Male,26,,,,,0,,,,,,,,,,,
Sadie Sink,Female,20,,80,88,85,0,,,,,,,,,,,
Samuel L. Jackson,Male,73,,,,,0,,,,,,,,,,,
Saoirse Ronan,Female,28,,,,,0,,,,,,,,,,,
Scarlett Johansson,Female,37,,,,,0,,,,,,,,,,,
Selena Gomez,Female,30,,,,,0,,,,,,,,,,,
Shailene Woodley,Female,30,,,,,0,,,,,,,,,,,
Sophie Turner,Female,26,,,,,0,,,,,,,,,,,
Sosie Bacon,Female,30,,70,65,60,0,,,,,,,,,,,
Stephen King,Male,75,,75,90,70,0,,,,,,,,,,,
Steven Yeun,Male,39,,79,80,80,0,,,,,,,,,,,
Sydney Sweeney,Female,24,,,,,0,,,,,,,,,,,
Sylvester Stallone,Male,76,,,,,0,,,,,,,,,,,
Tessa Thompson,Female,39,,,,,0,,,,,,,,,,,
Tom Cruise,Male,60,,,90,,0,,,,,,,,,,,
Tom Hanks,Male,66,,84,90,86,0,,,,,,,,,,,
Tom Holland,Male,26,,80,95,75,0,,,,,,,,,,,
Tristan Pravong,Male,17,,70,75,60,0,,,,,,,,,,,
Vanessa Kirby,Female,34,,,,,0,,,,,,,,,,,
Vin Diesel,Male,55,,,60,,0,,,,,,,,,,,
Virginia Gardner,Female,27,,55,60,55,0,,,,,,,,,,,
Will Smith,Male,54,,,80,,0,,,,,,,,,,,
Wiona Ryder,Female,50,,77,85,80,0,,,,,,,,,,,
Xolo Maridueña,Male,21,,70,60,50,0,,,,,,,,,,,
Zackary Arthur,Male,16,,65,70,60,0,,,,,,,,,,,
Zoë Kravitz,Female,33,,85,86,80,0,,,,,,,,,,,